,Astronomy,Herbology,Ancient Runes,Charms,Bias
Hufflepuff,4.701836400246229,3.7557760651170042,-4.435693633890839,-0.5017020343481648,9.217711430785167
Ravenclaw,-2.42000691837,1.729788207685988,2.2931832938276564,3.4748226347069417,7.8184938620465765
Gryffindor,2.849816940698518,-3.3850393740986116,3.280143864214574,-3.1293521466357563,9.749114744942636
Slytherin,-5.683087798161053,-5.10837016852176,-4.226553232457134,-3.402224851860026,14.157696459932762
